{"Camera Matrix": [[937.4614720541357, 0.0, 662.4346217545606], [0.0, 937.3238841104545, 375.92294333302596], [0.0, 0.0, 1.0]], "Rotation Vectors": [[[-0.8291130394491002], [1.0191364373348581], [-1.1717965639507426]], [[0.5275312487123023], [-0.6311742868643767], [1.5133077839309388]], [[-0.8335228580047781], [0.1486839943660866], [2.8628362958508555]], [[-1.2228626644373408], [0.6822369571578695], [2.123097627624786]], [[-0.52817305417334], [1.0056279612981662], [1.938202059547099]], [[-0.08399425233607309], [0.6763059638019395], [-0.03708356715357311]], [[-0.06354104326710111], [-0.14593168330463177], [-0.39942605383327373]], [[-0.6916166122663654], [0.6754446511166552], [0.6556348037539967]], [[-0.001212367738445191], [-0.05635225712487147], [-0.020880350208406628]], [[0.06870350063792956], [-1.1149473435791357], [2.7650820335970776]], [[0.6117815022850284], [1.1270920335813241], [-1.9893479053212664]], [[0.11341626909577589], [-0.0747963209536024], [-1.6296686605964983]], [[-0.8651588758803267], [0.8323057167521755], [1.5283135089475086]], [[-0.9146549074601187], [0.4693056023076018], [2.948868141607109]], [[0.22071648900995347], [-1.0184913660764772], [-0.11334390568885572]], [[0.8882636732733473], [0.07369041799446353], [-0.14049055583097775]], [[-0.5213686609871859], [1.1446633232936947], [1.8352679330953436]], [[0.13244336432153872], [-0.005545773169272025], [-0.5568855963493816]], [[-0.28593738422111975], [-0.11954572307919123], [1.4094101781941653]], [[-1.212482876553008], [0.7397420587583267], [2.1670146907223113]], [[1.0990589366999013], [0.5360045387375341], [0.15724434029990977]], [[0.9386622248270488], [-0.25413427283838885], [0.8903129436978802]], [[-0.7900914515188754], [0.0075274959146714], [-0.014167664907795407]], [[-0.06409259431057776], [-1.1617865005125043], [2.8698775941598886]], [[-1.3410079596726407], [-0.7174201955436628], [-2.4507664590021574]], [[-0.500529867296255], [0.9254052647065801], [0.017493507594358106]], [[-0.9729946229411095], [0.9174210559960501], [1.9877968516810822]], [[0.10632468602621337], [-0.10192421307776452], [-0.7824672996599416]], [[0.5979898231005356], [1.3667931341578206], [2.25619166663928]], [[0.05853138164452203], [-0.07795155196399137], [-0.02249175783040624]], [[-0.9516518324311989], [0.8191939779020925], [1.4357131599252622]], [[-0.4649286031858597], [-1.2404992937246562], [-1.7777302559318047]]], "Distorsion Coefficients": [[0.12798517949162672, -0.3181858522662727, 0.00023028969906472427, 0.007845725905214833, 0.24382505624715559]], "Translation Vectors": [[[-1.7802495767077178], [1.6099192905104598], [15.58761924520217]], [[3.3257840716178153], [-2.549490818395304], [7.310516244118841]], [[2.6751803983429663], [3.1825466682974097], [17.442224778544606]], [[2.2416582478949976], [0.35714549018777325], [13.079228689420596]], [[3.4372511639679515], [-2.2686501146902045], [10.680940908302414]], [[-2.292060698285297], [-3.6379558016780837], [16.469496408281255]], [[-3.1421858154396016], [-2.4099124437855437], [14.234978370980857]], [[2.4770494405755485], [-1.4622872594953258], [18.70070188723669]], [[-2.5698309386530873], [-2.6288318633312806], [10.996050282628735]], [[3.57162107828898], [1.9529613607536351], [12.396307610011386]], [[-3.747547135626231], [1.6652727087023587], [15.074813492074508]], [[-3.7581929706435537], [2.1369374739629214], [10.442157447484481]], [[2.7944398135828528], [-3.4563694325074605], [14.230764893765006]], [[2.521718783871029], [-0.5722225335667023], [19.884179998442523]], [[-4.4413396033840105], [-3.450201724028593], [11.469990869614648]], [[-3.460837724184674], [-0.38259672074339923], [8.427271321844735]], [[4.025884436078204], [-2.314906182605841], [9.952035479956294]], [[-5.3627968560703705], [-1.7500424705061874], [13.680457708849358]], [[1.1663553049396835], [-4.659344829434947], [15.29938026268411]], [[2.1870512076184334], [0.6546032739175586], [12.318103657452433]], [[-4.361050349027063], [-2.493025207463808], [8.424642837868756]], [[-1.1488711866150367], [-2.5810524371061674], [7.249737128054652]], [[-3.255683236587113], [-1.9562368183013195], [13.675720914965972]], [[2.47865193812177], [2.6606391626056727], [12.31037695191537]], [[-2.1644089927362202], [2.2724902351855243], [6.547211740089284]], [[-0.8424662982757146], [-2.3178180944567908], [17.170540903799903]], [[4.343775118929533], [-1.8887114983527544], [15.389534360737512]], [[-4.674731340902872], [-0.46000229120146213], [15.983547950423196]], [[3.1657178982710854], [-1.9219721372531973], [8.903860320867796]], [[-3.239655947063872], [-3.932788367063771], [11.569900930803385]], [[2.396122642511038], [-1.5751345158986478], [13.196179109224275]], [[-0.9240832662688775], [0.3572473913331639], [6.112023787784651]]]}