{"Camera Matrix": [[459.5117004697916, 0.0, 323.6204840567302], [0.0, 613.874158432603, 248.79653911199333], [0.0, 0.0, 1.0]], "Distorsion Coefficients": [[0.051103832565997535, 0.2052083765344663, 0.00016298231628275616, 0.0013777096070935664, -0.8255087511055424]], "Translation Vectors": [[[-4.31230629330262], [-2.9516276689747145], [11.222510940273978]], [[-3.8148112317833447], [1.488610538330192], [15.06991060577649]], [[-1.2729169092466401], [-3.5177414569852594], [12.528505772042575]], [[-4.272692068810272], [-2.139337477723063], [13.952897972301582]], [[3.599028474363503], [-4.540949235223223], [13.036634661332062]], [[0.4093562041476393], [-0.5828363744983864], [11.844656517942262]], [[1.9869956813903424], [2.1261453173043985], [16.355178916826276]], [[4.171308984752199], [0.8964156044353893], [12.088908741879225]], [[1.606447406857866], [1.4849777748648172], [11.030117747291662]], [[3.0276774023491084], [1.4611732309812056], [16.006554606744047]], [[-5.440605396429145], [-2.886510722297821], [14.794120848383027]], [[1.2213160961608154], [-0.34819433421420204], [15.192823882038828]], [[-0.7715184516069649], [-1.661509895549464], [17.2667565597446]], [[-2.894686938141655], [-3.923247507349723], [16.301684129930656]], [[3.95229221846032], [-3.583715459245152], [14.729818229303195]], [[-3.449442852176143], [-2.518363965564928], [10.20752496089517]], [[-3.9955188799983916], [0.8757074715909526], [13.138668510909259]], [[-1.6867462364985435], [-3.2804760342003982], [19.25019952260571]], [[-5.650364934627489], [1.841775743623906], [14.053986574332693]], [[2.406343113348902], [0.26242351288148186], [13.314156421042195]], [[-2.8000698307431966], [-2.1012263567864227], [10.11201197490021]], [[0.5078288867478842], [0.223172806379424], [16.101679045875166]], [[-3.7758823593545805], [-3.9261659697627405], [11.357265461323463]], [[2.8728297848589777], [1.2257184618340111], [13.964401288200113]], [[0.7126129697230559], [4.776732072659892], [14.606161181811157]], [[6.309707665191815], [3.487056269992889], [18.92264382066797]], [[-2.4210131939463446], [1.5895365571362101], [16.613897641199827]], [[-6.224859390995585], [2.048485491958702], [14.338479073604018]], [[-1.1451404538299286], [0.8093059830719431], [17.694247678425977]], [[-3.3664677640957508], [-2.8068985789410887], [16.5755560833944]], [[2.5936728843230834], [0.9304905953960123], [13.140651021974922]]], "Rotation Vectors": [[[-0.11290739413311224], [-0.7928998097107759], [-0.20971419384295065]], [[0.0332244935390486], [-0.11244612691001551], [-1.5384085448067457]], [[0.4475756453790001], [-0.4895858718088819], [1.324839721081652]], [[-1.111571283814544], [-0.06540913794270525], [-0.14102475554497382]], [[0.20262069462235072], [1.0062558146552236], [1.766423055528001]], [[1.2067819618120335], [0.3754323441273863], [2.2383612926427707]], [[-1.2360861159240983], [1.0246576000849197], [2.325872807034906]], [[-0.0542342014724043], [0.11082652706890982], [2.8478808573157144]], [[0.7471606849388569], [1.072046858952048], [2.954470107458766]], [[1.057585954031311], [-1.026385019469651], [2.4625773489159077]], [[-0.04835308091021815], [0.031532339036640794], [0.007013751515554354]], [[-0.0692238960272213], [-0.055191420089048905], [2.482132502608724]], [[-0.8020009261057575], [-0.8419680421684347], [1.6510857822552047]], [[-0.004861202248784366], [0.7160376034779974], [-0.08670164740664486]], [[-0.17576492972292912], [0.15784810112429754], [1.9021309606942014]], [[0.5678719982701202], [-0.2887470097130356], [0.1421329678604593]], [[-1.2025300446248868], [-0.05964473110873325], [-0.15104732880669144]], [[-0.5854935746588033], [0.3156045683919581], [0.6103633187234961]], [[0.7716513084260124], [-0.7451023665859071], [-1.465120261067959]], [[-0.38713603636438443], [1.2676456694300808], [2.3597272577268438]], [[0.8477786973717634], [-0.03195799884413016], [-0.01198234098839686]], [[-0.7656941333227547], [0.5137479680410362], [2.420502836629234]], [[-0.043849944197824925], [-0.028083153517117168], [-0.0009022971662918072]], [[-1.174305441203112], [0.04401978349632682], [-2.914049084756405]], [[-1.3920077769103871], [0.07183384119351731], [-1.2693665296143966]], [[-0.7404082527460639], [-0.04378253568854164], [3.0542739499620675]], [[-0.696246960596846], [0.6850161184485204], [-1.4771526915091833]], [[0.8878787844765628], [-0.8872396602759315], [-1.5215926588024402]], [[-0.9570982813404465], [0.4174504462269762], [1.9378196865469222]], [[0.15159690511089288], [0.8730482760538826], [-0.1535891689101395]], [[0.1317496804029535], [0.8134891431761228], [-3.1104934828030912]]]}